{
  "train_loss": [
    1.1271155535380046,
    0.8357729959841128,
    0.7970082800123427,
    0.7687383498968902,
    0.7722817071985315,
    0.5611947358890816,
    0.4125286344952053,
    0.3384677510614748,
    0.29529826625629707,
    0.2596991658696422,
    0.22687014086820462,
    0.1829408478692726,
    0.16741424385927342
  ],
  "train_acc": [
    0.611037037037037,
    0.6911481481481482,
    0.7051481481481482,
    0.7113333333333334,
    0.7112962962962963,
    0.7861851851851852,
    0.8382962962962963,
    0.8613703703703703,
    0.8767407407407407,
    0.8901111111111111,
    0.9030370370370371,
    0.9187407407407407,
    0.9243703703703704
  ],
  "val_loss": [
    1.3536019087473552,
    1.3134371849060058,
    1.2740953044891357,
    1.2858985736211141,
    1.2755214855829875,
    0.9434974296251932,
    1.000959636036555,
    0.9232559839566549,
    1.0192411407788595,
    1.0752695634047191,
    1.0438396322409311,
    0.9865312920729319,
    1.0193183704217275
  ],
  "val_acc": [
    0.5836,
    0.5972,
    0.6058666666666667,
    0.6032,
    0.6093333333333333,
    0.7008,
    0.6986666666666667,
    0.722,
    0.7004,
    0.7030666666666666,
    0.7146666666666667,
    0.7245333333333334,
    0.7198666666666667
  ]
}