{
  "train_loss": [
    1.6601685708999634,
    1.1227095951716106,
    0.9792893120129903,
    0.9084615997632345,
    0.8894087928454081,
    0.7192910502433777,
    0.5220950187524159,
    0.4219419679641724,
    0.35570192830165226,
    0.29123914699554443,
    0.26732495390574135
  ],
  "train_acc": [
    0.5466666666666666,
    0.676,
    0.7042666666666667,
    0.722,
    0.724,
    0.7726666666666666,
    0.8349333333333333,
    0.8626666666666667,
    0.8788,
    0.9028,
    0.9097333333333333
  ],
  "val_loss": [
    1.4586471878051759,
    1.3973415154774984,
    1.3715591148376465,
    1.349719018427531,
    1.3206963921864827,
    1.1034010487238566,
    1.1653294884681702,
    1.1433938057899475,
    1.1243415769577025,
    1.1311432165781656,
    1.1402703730424246
  ],
  "val_acc": [
    0.5688,
    0.5793333333333334,
    0.5773333333333334,
    0.5848,
    0.5964,
    0.6585333333333333,
    0.6558666666666667,
    0.6657333333333333,
    0.6770666666666667,
    0.6774666666666667,
    0.6750666666666667
  ]
}